question,answer
"What are some organizations that help women find jobs?","Organizations like Women for Women International and Dress for Success help women find jobs."
"How can women start their own business?","Women can start their own business by identifying a market need, creating a business plan, securing funding, and leveraging support networks."
"What resources are available for women entrepreneurs?","Resources for women entrepreneurs include mentoring programs, business grants, and networking opportunities provided by organizations like the Women's Business Center and SCORE."
"How can women improve their employability?","Women can improve their employability by gaining new skills, pursuing further education, attending workshops, and leveraging professional networks."
"What government programs support women in business?","Government programs such as the Small Business Administration's Women-Owned Small Business Program and the Women's Business Center Program support women in business."
"What are the benefits of hiring women in the workplace?","Benefits of hiring women include increased diversity, improved team performance, and access to a broader talent pool."
"How can companies support women in leadership roles?","Companies can support women in leadership roles by offering mentorship programs, promoting a work-life balance, and ensuring equal opportunities for career advancement."
"What are some challenges women face in the workplace?","Challenges women face in the workplace include gender bias, wage gaps, lack of representation in leadership roles, and balancing work and family responsibilities."
"How can women network effectively for career growth?","Women can network effectively by joining professional organizations, attending industry conferences, participating in online communities, and seeking out mentorship opportunities."
"What skills are essential for women in business?","Essential skills for women in business include leadership, communication, negotiation, financial literacy, and strategic planning."
